{
  "lessons": [
    {
      "id": 0,
      "title": "Introduction",
      "task_list": [
        {
          "name": "Hello, World",
          "stepic_id": 0,
          "position": 0,
          "task_files": {
            "Task.kt": {
              "name": "Task.kt",
              "text": "fun main(args: Array\u003cString\u003e){\n    println(Print something out here)\n}",
              "placeholders": [
                {
                  "offset": 43,
                  "length": 24,
                  "subtask_infos": {
                    "0": {
                      "hints": [
                        "Say something... anything, really.",
                        "Could be your name. Could be \"Hello World.\" I dunno. "
                      ],
                      "possible_answer": "\"Hello World\"",
                      "placeholder_text": "Print something out here",
                      "has_frame": true,
                      "need_insert_text": false
                    }
                  }
                }
              ]
            }
          },
          "test_files": {
            "Tests.kt": "import org.junit.After\nimport org.junit.Assert\nimport org.junit.Before\nimport org.junit.Test\nimport java.io.ByteArrayOutputStream\nimport java.io.PrintStream\n\nclass Test {\n\n    private val outContent \u003d ByteArrayOutputStream()\n    private val errContent \u003d ByteArrayOutputStream()\n\n    @Before\n    fun setUpStreams() {\n        System.setOut(PrintStream(outContent))\n        System.setErr(PrintStream(errContent))\n    }\n\n    @After\n    fun cleanUpStreams() {\n        System.setOut(null)\n        System.setErr(null)\n    }\n\n\n    @Test fun testSolution() {\n\n        main(arrayOf(\"\"))\n\n        Assert.assertNotNull(outContent.toString())\n        Assert.assertTrue(outContent.toString().trim() !\u003d \"\")\n    }\n}"
          },
          "task_texts": {
            "task": "Write task description here using markdown or html"
          },
          "task_type": "edu"
        },
        {
          "name": "Look, ma, no class!",
          "stepic_id": 0,
          "position": 0,
          "task_files": {
            "Task.kt": {
              "name": "Task.kt",
              "text": "// Create the function \"sum\" that takes two integer parameters and adds them together\nDeclare the function \"sum\" here",
              "placeholders": [
                {
                  "offset": 86,
                  "length": 31,
                  "subtask_infos": {
                    "0": {
                      "hints": [
                        "fun sum(x : Int, y : Int) : Int",
                        "fun sum(x : Int, y : Int) : Int \n{\n    return \u003csomething\u003e\n}"
                      ],
                      "possible_answer": "fun sum(x : Int, y : Int) : Int\n{\n    return x + y\n}",
                      "placeholder_text": "Declare the function \"sum\" here",
                      "has_frame": true,
                      "need_insert_text": false
                    }
                  }
                }
              ]
            }
          },
          "test_files": {
            "Tests.kt": "import org.junit.Assert\nimport org.junit.Test\n\nclass Test {\n    @Test fun testSolution() {\n        Assert.assertTrue(sum(0, 2) \u003d\u003d 2)\n        Assert.assertTrue(sum(1, 2) \u003d\u003d 3)\n        Assert.assertTrue(sum(2, 2) \u003d\u003d 4)\n    }\n}"
          },
          "task_texts": {
            "task": "# Functions \n\nUnlike Java, we can simply declare a function without an enclosing class. No more static utility classes!\n\nFunctions in Kotlin are declared using the fun keyword. The return type is denoted after the parameters.\n```\nfun double(x: Int): Int {\n    return 2 * x\n}\n```\n\u003e In this example, we have a function `double` that takes an integer as it\u0027s parameter and returns and Int.\n\n\nCalling functions uses the traditional approach:\n\n```\nval result \u003d double(2)\n```\n\nFunction parameters are defined using Pascal notation, i.e. name: type. Parameters are separated using commas. Each parameter must be explicitly typed:\n```\nfun powerOf(number: Int, exponent: Int) {\n...\n}\n```"
          },
          "task_type": "edu"
        },
        {
          "name": "Another way to write functions",
          "stepic_id": 0,
          "position": 0,
          "task_files": {
            "Task.kt": {
              "name": "Task.kt",
              "text": "// Rewrite the \"sum\" function in one line\nDon\u0027t cheat. One line only.",
              "placeholders": [
                {
                  "offset": 42,
                  "length": 27,
                  "subtask_infos": {
                    "0": {
                      "hints": [
                        "fun sum(x: Int, y: Int) \u003d ..."
                      ],
                      "possible_answer": "fun sum(x: Int, y: Int) \u003d x + y",
                      "placeholder_text": "Don\u0027t cheat. One line only.",
                      "has_frame": true,
                      "need_insert_text": false
                    }
                  }
                }
              ]
            }
          },
          "test_files": {
            "Tests.kt": "import org.junit.Assert\nimport org.junit.Test\n\nclass Test {\n    @Test fun testSolution() {\n        Assert.assertTrue(sum(0, 2) \u003d\u003d 2)\n        Assert.assertTrue(sum(1, 2) \u003d\u003d 3)\n        Assert.assertTrue(sum(2, 2) \u003d\u003d 4)\n    }\n}"
          },
          "task_texts": {
            "task": "# Functions (Part 2)\n\nFunctions can, also, be expressed in a single line whose return type is inferred. \n\nEx: \n```\nfun double(x: Int) \u003d 2 * x\n```"
          },
          "task_type": "edu"
        },
        {
          "name": "Variables",
          "stepic_id": 0,
          "position": 0,
          "task_files": {
            "Task.kt": {
              "name": "Task.kt",
              "text": "fun main(){\n    // Variables can be declared as mutable (var \u003d\u003d \"variable\")\n    var myString : String \u003d \"\"\n    myString \u003d \"Foo\"\n\n    // But they can also be declared as immutable (val \u003d\u003d \"value\" or read-only)\n    val immutableString : String \u003d \"Bar\"\n    // immutableString \u003d \"Baz\"  // \u003c-- This would cause a compiler error\n\n    // The type of a variable can be inferred when it is initialized\n    val inferredType \u003d 2\n\n    // Type required when no initializer is provided, but the assignment can be deferred\n    val c: Int\n    c \u003d 3\n    // c \u003d 4 // \u003c-- This would cause a compiler error because the variable was previously assigned\n}",
              "placeholders": []
            }
          },
          "test_files": {
            "Tests.kt": "import org.junit.Assert\nimport org.junit.Test\n\nclass Test {\n    @Test fun testSolution() {\n\n        Assert.assertTrue(\"Tests not implemented for the task\", true)\n    }\n}"
          },
          "task_texts": {
            "task": "# Variables\n\n\u003cstrong\u003eNote: There\u0027s nothing to implement for this task. Just read the code and click the \"check task\" button\u003c/strong\u003e\n\nThis example shows how to declare and initialize variables. \n\nAlso, we can see how to declare mutable/immutable variables in kotlin.\n\n```\nval a: Int \u003d 1  // immediate assignment\nval b \u003d 2   // `Int` type is inferred\nval c: Int  // Type required when no initializer is provided\nc \u003d 3       // deferred assignment\n```\n"
          },
          "task_type": "edu"
        },
        {
          "name": "Types",
          "stepic_id": 0,
          "position": 0,
          "task_files": {
            "Task.kt": {
              "name": "Task.kt",
              "text": "fun foo(){\n\n}",
              "placeholders": []
            }
          },
          "test_files": {
            "Tests.kt": "import org.junit.Assert\nimport org.junit.Test\n\nclass Test {\n    @Test fun testSolution() {\n        //TODO: implement your test here\n        Assert.assertTrue(\"Tests not implemented for the task\", false)\n    }\n}"
          },
          "task_texts": {
            "task": "\n# Basic Types\n## Numbers\nKotlin provides the following built-in types representing numbers (this is close to Java):\n```\nType\tBit width\nDouble\t64\nFloat\t32\nLong\t64\nInt\t    32\nShort\t16\nByte\t8\n```\n\nThe floating-point types are: \n```\nType\tBit width\nDouble  64 \nFloat   32 \n```\n\nEach number type has helper functions that convert from one number type to another: \n`toByte(), toInt(), toLong(), toFloat(), toDouble(), toChar(), toShort()`\n```\nval myInt \u003d 987\nval myLong \u003d myInt.toLong()\n```\n\n## Booleans\nThe Boolean type in Kotlin is the same as in Java. Its value can be either true or false. The operations disjunction (||), conjunction (\u0026\u0026), and negation (!) can be performed on boolean types, just like Java.\n```\nval myTrueBoolean \u003d true\nval myFalseBoolean \u003d false\n```\n\n## Strings\nStrings can be created with either double quotes or triple quotes. In addition to that, escape characters can be used with double quotes.\n```\nval myString \u003d \"This is a String\"\nval escapeString \u003d \"This is a string with new line \\n\"\n```\nTo create a string that spans multiple lines in the source file, we use triple quotes:\n```\nval multipleStringLines \u003d \"\"\"\n        This is first line\n        This is second line\n        This is third line \"\"\"\n```   \n\nKotlin also supports string interpolation or string templates. This is an easier way to build dynamic strings than concatenation, which is what we use in Java. Using string templates, we can insert variables and expressions into a string.\n\n```\nval accountBalance \u003d 200\nval bankMessage \u003d \"Your account balance is $accountBalance\" // Your account balance is 200\n``` \n"
          },
          "task_type": "edu"
        },
        {
          "name": "Nullable Types",
          "stepic_id": 0,
          "position": 0,
          "task_files": {
            "Task.kt": {
              "name": "Task.kt",
              "text": "\n// Use the elvis operator to return 0 if the string is null\nfun strLenSafe(s: String?): Int \u003d TODO\n\nfun testSafeString() {\n    println(strLenSafe(\"abc\"))\n    println(strLenSafe(null))\n}",
              "placeholders": [
                {
                  "offset": 95,
                  "length": 4,
                  "subtask_infos": {
                    "0": {
                      "hints": [],
                      "possible_answer": "s?.length ?: 0",
                      "placeholder_text": "TODO",
                      "has_frame": true,
                      "need_insert_text": false
                    }
                  }
                }
              ]
            }
          },
          "test_files": {
            "Tests.kt": "import org.junit.After\nimport org.junit.Assert\nimport org.junit.Before\nimport org.junit.Test\nimport java.io.ByteArrayOutputStream\nimport java.io.PrintStream\n\nclass Test {\n    private val outContent \u003d ByteArrayOutputStream()\n    private val errContent \u003d ByteArrayOutputStream()\n\n    @Before\n    fun setUpStreams() {\n        System.setOut(PrintStream(outContent))\n        System.setErr(PrintStream(errContent))\n    }\n\n    @After\n    fun cleanUpStreams() {\n        System.setOut(null)\n        System.setErr(null)\n    }\n\n\n    @Test fun testSolution() {\n\n        testSafeString()\n        Assert.assertNotNull(outContent.toString())\n\n        val testResults \u003d arrayOf(\"3\", \"0\")\n        val results \u003d outContent.toString().split(\"\\r\\n\")\n        results.filter { it !\u003d \"\" }\n                .forEach { Assert.assertTrue(testResults.contains(it)) }\n    }\n}"
          },
          "task_texts": {
            "task": "# Nullable Types\nKotlin\u0027s type system is aimed at eliminating the danger of null references from code, also known as the The Billion Dollar Mistake.\n\nOne of the most common pitfalls in many programming languages, including Java, is that of accessing a member of a null reference, resulting in a null reference exception. In Java this would be the equivalent of a NullPointerException or NPE for short.\n\nKotlin\u0027s type system is aimed to eliminate NullPointerException\u0027s from our code. The only possible causes of NPE\u0027s may be\n\n- An explicit call to throw NullPointerException();\n- Usage of the !! operator \n- External Java code has caused it;\n- There\u0027s some data inconsistency with regard to initialization (an uninitialized this available in a constructor is used somewhere).\n\nIn Kotlin, the type system distinguishes between references that can hold null (nullable references) and those that can not (non-null references). For example, a regular variable of type String can not hold null:\n\n```\nvar a: String \u003d \"abc\"\na \u003d null // compilation error\n```\n\nTo allow nulls, we can declare a variable as nullable string, written String?:\n```\nvar b: String? \u003d \"abc\"\nb \u003d null // ok\n```\n\n### Checking for null in conditions\nFirst, you can explicitly check if b is null, and handle the two options separately:\n```\nval l \u003d if (b !\u003d null) b.length else -1\n```\n\nYour second option is the safe call operator, written ?.:\n```\nb?.length\n```\nThis returns b.length if b is not null, and null otherwise. The type of this expression is Int?.\n\n\n### Elvis Operator\nWhen we have a nullable reference r, we can say \"if r is not null, use it, otherwise use some non-null value x\":\n```\nval l: Int \u003d if (b !\u003d null) b.length else -1\n```\nAlong with the complete if-expression, this can be expressed with the Elvis operator, written ?::\n```\nval l \u003d b?.length ?: -1\n```\nIf the expression to the left of ?: is not null, the elvis operator returns it, otherwise it returns the expression to the right. Note that the right-hand side expression is evaluated only if the left-hand side is null.\n\n### The !! Operator\nThe third option is for NPE-lovers: the not-null assertion operator (!!) converts any value to a non-null type and throws an exception if the value is null. We can write b!!, and this will return a non-null value of b (e.g., a String in our example) or throw an NPE if b is null:\n```\nval l \u003d b!!.length\n```\nThus, if you want an NPE, you can have it, but you have to ask for it explicitly, and it does not appear out of the blue.\n"
          },
          "task_type": "edu"
        },
        {
          "name": "Java To Kotlin",
          "stepic_id": 0,
          "position": 0,
          "task_files": {
            "Task.kt": {
              "name": "Task.kt",
              "text": "Copy the Java Code here",
              "placeholders": [
                {
                  "offset": 0,
                  "length": 23,
                  "subtask_infos": {
                    "0": {
                      "hints": [],
                      "possible_answer": "class Person(val name: String, val age: Int)",
                      "placeholder_text": "Copy the Java Code here",
                      "has_frame": true,
                      "need_insert_text": false
                    }
                  }
                }
              ]
            }
          },
          "test_files": {
            "Tests.kt": "import org.junit.Assert\nimport org.junit.Test\n\nclass Test {\n    @Test fun testSolution() {\n        var person \u003d Person(\"Test\", 1)\n\n        Assert.assertNotNull(person)\n    }\n}"
          },
          "task_texts": {
            "task": "# Java to Kotlin Tool\n\nIntellij/Android Studio has a handy tool for Java developers: Java to Kotlin converter. \n\nThis tool makes it easy to convert java code to kotlin code.\n\nTo become familiar with it, please copy the following class (Java) and paste in to the test file.\n\n```\npublic class Person {\n    private final String name;\n    private final int age;\n\n    public Person(String name, int age) {\n        this.name \u003d name;\n        this.age \u003d age;\n    }\n\n    public String getName() {\n        return name;\n    }\n\n    public int getAge() {\n        return age;\n    }\n}\n```"
          },
          "task_type": "edu"
        }
      ]
    },
    {
      "id": 0,
      "title": "Control Flow",
      "task_list": [
        {
          "name": "If Expression",
          "stepic_id": 0,
          "position": 0,
          "task_files": {
            "Task.kt": {
              "name": "Task.kt",
              "text": "\n// Complete this function using the if expression\nfun max(a: Int, b: Int) \u003d TODO",
              "placeholders": [
                {
                  "offset": 77,
                  "length": 4,
                  "subtask_infos": {
                    "0": {
                      "hints": [],
                      "possible_answer": "if(a \u003e b) a else b",
                      "placeholder_text": "TODO",
                      "has_frame": true,
                      "need_insert_text": false
                    }
                  }
                }
              ]
            }
          },
          "test_files": {
            "Tests.kt": "import org.junit.Assert\nimport org.junit.Test\n\nclass Test {\n    @Test fun testSolution() {\n\n        Assert.assertTrue(max(10, 1) \u003d\u003d 10)\n        Assert.assertTrue(max(1, 10) \u003d\u003d 10)\n    }\n}"
          },
          "task_texts": {
            "task": "# If Expression\n\nIn Kotlin, if is an expression, i.e. it returns a value. Therefore there is no ternary operator (condition ? then : else), because ordinary if works fine in this role.\n```\n// Traditional usage \nvar max \u003d a \nif (a \u003c b) max \u003d b\n\n// With else \nvar max: Int\nif (a \u003e b) {\n    max \u003d a\n} else {\n    max \u003d b\n}\n \n// As expression \nval max \u003d if (a \u003e b) a else b\n```\n\nif branches can be blocks, and the last expression is the value of a block:\n```\nval max \u003d if (a \u003e b) {\n    print(\"Choose a\")\n    a\n} else {\n    print(\"Choose b\")\n    b\n}\n```"
          },
          "task_type": "edu"
        },
        {
          "name": "When Expression",
          "stepic_id": 0,
          "position": 0,
          "task_files": {
            "Task.kt": {
              "name": "Task.kt",
              "text": "fun isOdd(x: Int)  \u003d x % 2 !\u003d 0\nfun isEven(x: Int) \u003d x % 2 \u003d\u003d 0\n\nfun testWhenExpression(number: Int){\n    when{\nWhen number isOdd, print the word \"Odd\". When number isEven, print the word \"Even\"\n    }\n}",
              "placeholders": [
                {
                  "offset": 112,
                  "length": 82,
                  "subtask_infos": {
                    "0": {
                      "hints": [],
                      "possible_answer": "        isOdd(number) -\u003e println(\"Odd\")\n        isEven(number) -\u003e println(\"Even\")",
                      "placeholder_text": "When number isOdd, print the word \"Odd\". When number isEven, print the word \"Even\"",
                      "has_frame": true,
                      "need_insert_text": false
                    }
                  }
                }
              ]
            }
          },
          "test_files": {
            "Tests.kt": "import org.junit.After\nimport org.junit.Assert\nimport org.junit.Before\nimport org.junit.Test\nimport java.io.ByteArrayOutputStream\nimport java.io.PrintStream\n\nclass Test {\n    private val outContent \u003d ByteArrayOutputStream()\n    private val errContent \u003d ByteArrayOutputStream()\n\n    @Before\n    fun setUpStreams() {\n        System.setOut(PrintStream(outContent))\n        System.setErr(PrintStream(errContent))\n    }\n\n    @After\n    fun cleanUpStreams() {\n        System.setOut(null)\n        System.setErr(null)\n    }\n\n\n    @Test fun testSolution() {\n\n        for(i in 1 .. 100){\n            testWhenExpression(i)\n            Assert.assertNotNull(outContent.toString())\n\n            if(isEven(i)) {\n                Assert.assertTrue(outContent.toString().trim() \u003d\u003d \"Even\")\n            }\n            else{\n                Assert.assertTrue(outContent.toString().trim() \u003d\u003d \"Odd\")\n            }\n\n            outContent.reset()\n        }\n    }\n}"
          },
          "task_texts": {
            "task": "# When Expression\nwhen replaces the switch operator of C-like languages. In the simplest form it looks like this\n```\nwhen (x) {\n    1 -\u003e print(\"x \u003d\u003d 1\")\n    2 -\u003e print(\"x \u003d\u003d 2\")\n    else -\u003e { // Note the block\n        print(\"x is neither 1 nor 2\")\n    }\n}\n```\n\nwhen matches its argument against all branches sequentially until some branch condition is satisfied. when can be used either as an expression or as a statement. If it is used as an expression, the value of the satisfied branch becomes the value of the overall expression. If it is used as a statement, the values of individual branches are ignored. (Just like with if, each branch can be a block, and its value is the value of the last expression in the block.)\n\nThe else branch is evaluated if none of the other branch conditions are satisfied. If when is used as an expression, the else branch is mandatory, unless the compiler can prove that all possible cases are covered with branch conditions.\n\nIf many cases should be handled in the same way, the branch conditions may be combined with a comma:\n```\nwhen (x) {\n    0, 1 -\u003e print(\"x \u003d\u003d 0 or x \u003d\u003d 1\")\n    else -\u003e print(\"otherwise\")\n}\n```\n\nWe can use arbitrary expressions (not only constants) as branch conditions\n```\nwhen (x) {\n    parseInt(s) -\u003e print(\"s encodes x\")\n    else -\u003e print(\"s does not encode x\")\n}\n```"
          },
          "task_type": "edu"
        },
        {
          "name": "Loops",
          "stepic_id": 0,
          "position": 0,
          "task_files": {
            "Task.kt": {
              "name": "Task.kt",
              "text": "fun forLoopTest(){\n\n    val language \u003d arrayOf(\"Ruby\", \"Kotlin\", \"Python\", \"Java\")\n\nCreate a loop that prints the contents of the language array\n}",
              "placeholders": [
                {
                  "offset": 84,
                  "length": 60,
                  "subtask_infos": {
                    "0": {
                      "hints": [
                        "for(item in language)"
                      ],
                      "possible_answer": "    for (item in language)\n        println(item)",
                      "placeholder_text": "Create a loop that prints the contents of the language array",
                      "has_frame": true,
                      "need_insert_text": false
                    }
                  }
                }
              ]
            }
          },
          "test_files": {
            "Tests.kt": "import org.junit.After\nimport org.junit.Assert\nimport org.junit.Before\nimport org.junit.Test\nimport java.io.ByteArrayOutputStream\nimport java.io.PrintStream\n\nclass Test {\n    private val outContent \u003d ByteArrayOutputStream()\n    private val errContent \u003d ByteArrayOutputStream()\n\n    @Before\n    fun setUpStreams() {\n        System.setOut(PrintStream(outContent))\n        System.setErr(PrintStream(errContent))\n    }\n\n    @After\n    fun cleanUpStreams() {\n        System.setOut(null)\n        System.setErr(null)\n    }\n\n\n    @Test fun testSolution() {\n\n        val languages \u003d arrayOf(\"Ruby\", \"Kotlin\", \"Python\", \"Java\")\n\n        forLoopTest()\n\n        Assert.assertNotNull(outContent.toString())\n        val results \u003d outContent.toString().split(\"\\r\\n\")\n        results\n            .filter { it !\u003d \"\" }\n            .forEach { Assert.assertTrue(languages.contains(it)) }\n    }\n}"
          },
          "task_texts": {
            "task": "# Loops\n\nThere is no traditional for loop in Kotlin unlike Java and other languages.\n\nIn Kotlin, for loop is used to iterate through ranges, arrays, maps and so on (anything that provides an iterator).\n\nKotlin for loop iterates through anything that provides an iterator.\n\nWe\u0027ll talk about ranges, arrays, maps later in this series, but for now the syntax of for loop in Kotlin is:\n```\nfor (item in collection) {\n    // body of loop\n}\n```"
          },
          "task_type": "edu"
        }
      ]
    },
    {
      "id": 0,
      "title": "Classes",
      "task_list": [
        {
          "name": "Basic Class",
          "stepic_id": 0,
          "position": 0,
          "task_files": {
            "Task.kt": {
              "name": "Task.kt",
              "text": "// Create a Customer class with a \"name\" property\nCreate Customer Class Here\n\nfun foo(){\n\n    Create Customer object and initialize the Name property\n\n    println(customer.name)\n}",
              "placeholders": [
                {
                  "offset": 50,
                  "length": 26,
                  "subtask_infos": {
                    "0": {
                      "hints": [
                        "class Customer( ???? )",
                        "class Customer(var name: String \u003d \"\")"
                      ],
                      "possible_answer": "class Customer(var name: String \u003d \"\")",
                      "placeholder_text": "Create Customer Class Here",
                      "has_frame": true,
                      "need_insert_text": false
                    }
                  }
                },
                {
                  "offset": 94,
                  "length": 55,
                  "subtask_infos": {
                    "0": {
                      "hints": [],
                      "possible_answer": "val customer \u003d Customer()\n\n    customer.name \u003d \"Michael\"",
                      "placeholder_text": "Create Customer object and initialize the Name property",
                      "has_frame": true,
                      "need_insert_text": false
                    }
                  }
                }
              ]
            }
          },
          "test_files": {
            "Tests.kt": "import org.junit.After\nimport org.junit.Assert\nimport org.junit.Before\nimport org.junit.Test\nimport java.io.ByteArrayOutputStream\nimport java.io.PrintStream\n\nclass Test {\n    private val outContent \u003d ByteArrayOutputStream()\n    private val errContent \u003d ByteArrayOutputStream()\n\n    @Before\n    fun setUpStreams() {\n        System.setOut(PrintStream(outContent))\n        System.setErr(PrintStream(errContent))\n    }\n\n    @After\n    fun cleanUpStreams() {\n        System.setOut(null)\n        System.setErr(null)\n    }\n\n\n    @Test fun testSolution() {\n        foo()\n\n        Assert.assertNotNull(outContent.toString())\n        Assert.assertTrue(outContent.toString().trim() !\u003d \"\")\n    }\n}"
          },
          "task_texts": {
            "task": "# Basics of Classes\n```\nclass Invoice {\n}\n```\nThe class declaration consists of the class name, the class header (specifying its type parameters, the primary constructor etc.) and the class body, surrounded by curly braces. Both the header and the body are optional; if the class has no body, curly braces can be omitted.\n\n```\nclass Empty\n```\n\n## Constructors\nA class in Kotlin can have a primary constructor and one or more secondary constructors. The primary constructor is part of the class header: it goes after the class name (and optional type parameters).\n```\nclass Person constructor(firstName: String) {\n}\n```\nIf the primary constructor does not have any annotations or visibility modifiers, the constructor keyword can be omitted:\n```\nclass Person(firstName: String) {\n}\n```\nThe primary constructor cannot contain any code. Initialization code can be placed in initializer blocks, which are prefixed with the init keyword:\n```\nclass Customer(name: String) {\n    init {\n        logger.info(\"Customer initialized with value ${name}\")\n    }\n}\n```\n\nDeclaring properties and initializing them from the primary constructor, Kotlin has a concise syntax:\n```\nclass Person(val firstName: String, val lastName: String, var age: Int) {\n    // ...\n}\n```\nMuch the same way as regular properties, the properties declared in the primary constructor can be mutable (var) or read-only (val)."
          },
          "task_type": "edu"
        },
        {
          "name": "Data Class",
          "stepic_id": 0,
          "position": 0,
          "task_files": {
            "Task.kt": {
              "name": "Task.kt",
              "text": "\n// Make the Customer class a \"data\" class\nTodo class Customer(var name: String \u003d \"\")\n\nfun isCustomerEqual() : Boolean{\n    val customer1 \u003d Customer(\"Michael\")\n    val customer2 \u003d customer1.copy()\n\n    return customer1 \u003d\u003d customer2\n}",
              "placeholders": [
                {
                  "offset": 43,
                  "length": 4,
                  "subtask_infos": {
                    "0": {
                      "hints": [
                        "use the \"data\" keyword"
                      ],
                      "possible_answer": "data",
                      "placeholder_text": "Todo",
                      "has_frame": true,
                      "need_insert_text": false
                    }
                  }
                }
              ]
            }
          },
          "test_files": {
            "Tests.kt": "import org.junit.Assert\nimport org.junit.Test\n\nclass Test {\n    @Test fun testSolution() {\n        //TODO: implement your test here\n        Assert.assertTrue(isCustomerEqual())\n    }\n}"
          },
          "task_texts": {
            "task": "# Data Classes\n\nWe frequently create classes whose main purpose is to hold data. \n\nIn such a class some standard functionality and utility functions are often mechanically derivable from the data. In Kotlin, this is called a data class and is marked as data:\n```\ndata class User(val name: String, val age: Int)\n```\n\nThe compiler automatically derives the following members from all properties declared in the primary constructor:\n\n* equals()/hashCode() pair;\n* toString() of the form \"User(name\u003dJohn, age\u003d42)\";\n* copy() function (see below)."
          },
          "task_type": "edu"
        },
        {
          "name": "Properties",
          "stepic_id": 0,
          "position": 0,
          "task_files": {
            "Task.kt": {
              "name": "Task.kt",
              "text": "\n// Add a custom setter to PropertyExample.propertyWithCounter so that the counter property\n// is incremented every time propertyWithCounter is assigned to.\nclass PropertyExample {\n    var counter \u003d 0\n    var propertyWithCounter: Int? \u003d null\n        setAdd Custom Setter Here\n}\n",
              "placeholders": [
                {
                  "offset": 253,
                  "length": 22,
                  "subtask_infos": {
                    "0": {
                      "hints": [
                        "Use the \"field\" identifier to set the backing property. ",
                        "field \u003d value"
                      ],
                      "possible_answer": "(value){\n            field \u003d value\n            counter +\u003d 1\n        }",
                      "placeholder_text": "Add Custom Setter Here",
                      "has_frame": true,
                      "need_insert_text": false
                    }
                  }
                }
              ]
            }
          },
          "test_files": {
            "Tests.kt": "import org.junit.Assert\nimport org.junit.Test\n\nclass Test {\n    @Test fun testSolution() {\n        val propertyExample \u003d PropertyExample()\n        propertyExample.counter \u003d 0\n\n        Assert.assertTrue(propertyExample.counter \u003d\u003d 0)\n\n        propertyExample.propertyWithCounter \u003d 1\n        Assert.assertTrue(propertyExample.propertyWithCounter \u003d\u003d 1)\n        Assert.assertTrue(propertyExample.counter \u003d\u003d 1)\n\n        propertyExample.propertyWithCounter \u003d 2\n        Assert.assertTrue(propertyExample.propertyWithCounter \u003d\u003d 2)\n        Assert.assertTrue(propertyExample.counter \u003d\u003d 2)\n\n    }\n}"
          },
          "task_texts": {
            "task": "# Properties\nClasses in Kotlin can have properties. These can be declared as mutable, using the var keyword or read-only using the val keyword.\n```\nclass Address {\n    var name: String \u003d ...\n    var street: String \u003d ...\n    var city: String \u003d ...\n    var state: String? \u003d ...\n    var zip: String \u003d ...\n}\n```\nTo use a property, we simply refer to it by name, as if it were a field in Java:\n```\nfun copyAddress(address: Address): Address {\n    val result \u003d Address() // there\u0027s no \u0027new\u0027 keyword in Kotlin\n    result.name \u003d address.name // accessors are called\n    result.street \u003d address.street\n    // ...\n    return result\n}\n```\n\nGetters and Setters\nThe full syntax for declaring a property is\n```\nvar \u0026lt;propertyName\u0026gt;[: \u0026lt;PropertyType\u0026gt;] [\u003d \u0026lt;property_initializer\u0026gt;]\n    [\u0026lt;getter\u0026gt;]\n    [\u0026lt;setter\u0026gt;]\n```\n\nThe initializer, getter and setter are optional. Property type is optional if it can be inferred from the initializer (or from the getter return type, as shown below).\n\nWe can write custom accessors, very much like ordinary functions, right inside a property declaration. Here\u0027s an example of a custom getter:\n```\nval isEmpty: Boolean\n    get() \u003d this.size \u003d\u003d 0\n```\n\nA custom setter looks like this:\n```\nvar stringRepresentation: String\n    get() \u003d this.toString()\n    set(value) {\n        setDataFromString(value) // parses the string and assigns values to other properties\n    }\n```\n\nFields cannot be declared directly in Kotlin classes. However, when a property needs a backing field, Kotlin provides it automatically. This backing field can be referenced in the accessors using the field identifier:\n```\nvar counter \u003d 0 // the initializer value is written directly to the backing field\n    set(value) {\n        if (value \u003e\u003d 0) field \u003d value\n    }\n```\nThe field identifier can only be used in the accessors of the property."
          },
          "task_type": "edu"
        },
        {
          "name": "Inheritance",
          "stepic_id": 0,
          "position": 0,
          "task_files": {
            "Task.kt": {
              "name": "Task.kt",
              "text": "open class Building(var name: String){\n    fun info() \u003d \"A building called $name\"\n}\n\n\n// To create the house class, extend the building class.\n// Add an additional property, rooms,\nclass HouseComplete the house declaration \n\n\nfun testHouseMessage(house : House) {\n    println(\"${house.name} has ${house.rooms} rooms\")\n}\n\nfun testBuildingMessage(house : House){\n    println(house.info())\n}",
              "placeholders": [
                {
                  "offset": 192,
                  "length": 31,
                  "subtask_infos": {
                    "0": {
                      "hints": [],
                      "possible_answer": "(name: String, var rooms: Int) : Building(name)",
                      "placeholder_text": "Complete the house declaration ",
                      "has_frame": true,
                      "need_insert_text": false
                    }
                  }
                }
              ]
            }
          },
          "test_files": {
            "Tests.kt": "import org.junit.After\nimport org.junit.Assert\nimport org.junit.Before\nimport org.junit.Test\nimport java.io.ByteArrayOutputStream\nimport java.io.PrintStream\n\nclass Test {\n    private val outContent \u003d ByteArrayOutputStream()\n    private val errContent \u003d ByteArrayOutputStream()\n\n    @Before\n    fun setUpStreams() {\n        System.setOut(PrintStream(outContent))\n        System.setErr(PrintStream(errContent))\n    }\n\n    @After\n    fun cleanUpStreams() {\n        System.setOut(null)\n        System.setErr(null)\n    }\n\n\n    @Test fun testSolution() {\n        val houseText \u003d \"My House\"\n        val houseRooms \u003d 3\n        val testHouseMessageString \u003d \"$houseText has $houseRooms rooms\"\n        val testBuildingMessageString \u003d \"A building called $houseText\"\n\n        val houseTest \u003d House(houseText, houseRooms)\n\n        testHouseMessage(houseTest)\n        Assert.assertNotNull(outContent.toString())\n        Assert.assertTrue(outContent.toString().trim() \u003d\u003d testHouseMessageString)\n\n        outContent.reset()\n\n        testBuildingMessage(houseTest)\n        Assert.assertNotNull(outContent.toString())\n        Assert.assertTrue(outContent.toString().trim() \u003d\u003d testBuildingMessageString)\n    }\n}"
          },
          "task_texts": {
            "task": "# Inheritance\n\nBy default a Kotlin class is closed (sealed). Also, Kotlin only does single inheritance but can partially do multiple inheritance by composition.\n\n```\nopen class Base(p: Int)\n\nclass Derived(p: Int) : Base(p)\n```\n\nIf the class has a primary constructor, the base type can (and must) be initialized right there, using the parameters of the primary constructor."
          },
          "task_type": "edu"
        },
        {
          "name": "Smart Casting",
          "stepic_id": 0,
          "position": 0,
          "task_files": {
            "Task.kt": {
              "name": "Task.kt",
              "text": "fun eval(expr: Expr): Int \u003d\n        when (expr) {\n            is Num -\u003e TODO\n            is Sum -\u003e TODO\n            else -\u003e throw IllegalArgumentException(\"Unknown expression\")\n        }\n\ninterface Expr\nclass Num(val value: Int) : Expr\nclass Sum(val left: Num, val right: Num) : Expr\n",
              "placeholders": [
                {
                  "offset": 72,
                  "length": 4,
                  "subtask_infos": {
                    "0": {
                      "hints": [],
                      "possible_answer": "expr.value",
                      "placeholder_text": "TODO",
                      "has_frame": true,
                      "need_insert_text": false
                    }
                  }
                },
                {
                  "offset": 99,
                  "length": 4,
                  "subtask_infos": {
                    "0": {
                      "hints": [],
                      "possible_answer": "expr.left.value + expr.right.value",
                      "placeholder_text": "TODO",
                      "has_frame": true,
                      "need_insert_text": false
                    }
                  }
                }
              ]
            }
          },
          "test_files": {
            "Tests.kt": "import org.junit.Assert\nimport org.junit.Test\n\nclass Test {\n    @Test fun testSolution() {\n        val num \u003d Num(1)\n        val sum \u003d Sum(Num(2), Num(3))\n\n        Assert.assertTrue(eval(num) \u003d\u003d 1)\n        Assert.assertTrue(eval(sum) \u003d\u003d 5)\n    }\n}"
          },
          "task_texts": {
            "task": "# Smart Cast\n\nIn many cases, one does not need to use explicit cast operators in Kotlin, because the compiler tracks the is-checks and explicit casts for immutable values and inserts (safe) casts automatically when needed:\n```\nfun demo(x: Any) {\n    if (x is String) {\n        print(x.length) // x is automatically cast to String\n    }\n}\n```\nThe compiler is smart enough to know a cast to be safe if a negative check leads to a return:\n```\nif (x !is String) return\nprint(x.length) // x is automatically cast to String\n```\nor in the right-hand side of \u0026\u0026 and ||:\n```\n// x is automatically cast to string on the right-hand side of `||`\nif (x !is String || x.length \u003d\u003d 0) return\n\n// x is automatically cast to string on the right-hand side of `\u0026\u0026`\nif (x is String \u0026\u0026 x.length \u003e 0) {\n    print(x.length) // x is automatically cast to String\n}\n```\nSuch smart casts work for when-expressions and while-loops as well:\n```\nwhen (x) {\n    is Int -\u003e print(x + 1)\n    is String -\u003e print(x.length + 1)\n    is IntArray -\u003e print(x.sum())\n}\n```"
          },
          "task_type": "edu"
        }
      ]
    },
    {
      "id": 0,
      "title": "Edu additional materials",
      "task_list": [
        {
          "name": "Edu additional materials",
          "stepic_id": 0,
          "position": 0,
          "task_files": {},
          "test_files": {
            "README.md": "# CodeMash Kotlin Course\r\nQuick Interactive course on Kotlin, built with EduTools plugin, for my CodeMash 2018 workshop. \r\n\r\nThis series requires the installation of the EduTools plugin for either IntelliJ or Android Studio. Please follow the installation instructions located\u003ca href\u003d\"https://kotlinlang.org/docs/tutorials/edu-tools-learner.html\" targer\u003d\"_blank\"\u003ehere\u003c/a\u003e.\r\n \r\n After installing the EduTools plugin, "
          },
          "task_texts": {},
          "task_type": "edu"
        }
      ]
    }
  ],
  "summary": "CodeMash 2018 Precompiler - Kotlin/Android Workshop",
  "title": "codemash_kotlin_course",
  "programming_language": "kotlin",
  "language": "en"
}